scandalous,1
inspector,1
worrying,1
honest,1
stormy,1
catechism,1
boy,1
annihilation,1
blasphemy,1
phony,1
terror,1
refuse,1
congress,1
reporter,1
proven,1
truth,1
unsupported,1
violently,1
president,1
perversion,1
dictator,1
pressure,1
brilliant,1
innocent,1
swamp,1
celebrity,1
payment,1
toxic,1
cop,1
chop,1
crisis,1
impossible,1
prime,1
treason,1
leader,1
motive,1
rape,1
defense,1
shock,1
surprising,1
trump,1
nation,1
collusion,1
peaceful,1
readily,1
advance,1
ruined,1
forefathers,1
terrible,1
allied,1
brazen,1
saint,1
defect,1
homosexuality,1
white,1
flake,1
constant,1
believing,1
embarrassing,1
faith,1
buried,1
invasion,1
stain,1
serial,1
disinformation,1
righteous,1
senate,1
rogue,1
submit,1
mayor,1
humiliation,1
violent,1
beating,1
director,1
pontiff,1
foe,1
ignorance,1
king,1
operation,1
negligence,1
county,1
community,1
expose,1
involvement,1
university,1
zeal,1
desperate,1
nonsense,1
finally,1
theological,1
outrage,1
unverified,1
polemic,1
celebrated,1
principal,1
stealth,1
immoral,1
quote,1
torpedo,1
propaganda,1
culture,1
contrary,1
inhuman,1
shame,1
remarkable,1
foundation,1
advantage,1
cult,1
influential,1
food,1
john,1
conspiracy,1
die,1
journalism,1
farce,1
shatter,1
destroying,1
fits,1
horror,1
leak,1
elite,1
violence,1
assassination,1
dubious,1
fear,1
lord,1
tower,1
coalition,1
wicked,1
murderer,1
indoctrination,1
pray,1
sham,1
cold,1
ignorant,1
tyrannical,1
council,1
humanity,1
impede,1
miscarriage,1
abominable,1
foolish,1
justice,1
occupation,1
tired,1
rod,1
resistance,1
lie,1
plague,1
facts,1
manipulation,1
immaculate,1
defending,1
annihilated,1
congressman,1
inconvenient,1
holiness,1
hatred,1
presence,1
tyrant,1
beneficial,1
weakness,1
ludicrous,1
waste,1
judiciary,1
reckless,1
guardian,1
enemy,1
debacle,1
bottom,1
church,1
winner,1
tyranny,1
sinful,1
blatant,1
supreme,1
unlawful,1
unprecedented,1
attorney,1
liberal,1
discipline,1
scripture,1
burke,1
prolific,1
status,1
conquest,1
holocaust,1
painfully,1
suggest,1
ability,1
ghost,1
hell,1
credibility,1
epic,1
hidden,1
brutal,1
harmful,1
pact,1
ugly,1
chaos,1
devastating,1
hysteria,1
oath,1
forgotten,1
coincidence,1
fate,1
god,1
assault,1
authority,1
dear,1
failure,1
cunning,1
intelligence,1
bogus,1
dire,1
richness,1
dying,1
scientist,1
striking,1
widespread,1
pathetic,1
partisan,1
ancient,1
prove,1
grave,1
infamous,1
united,1
alarm,1
mistake,1
charade,1
disfigured,1
hurricane,1
oppressive,1
republic,1
warfare,1
duke,1
success,1
general,1
angry,1
destructive,1
engaged,1
destruction,1
nefarious,1
ridiculous,1
detriment,1
absurd,1
messenger,1
ultimate,1
blame,1
porn,1
laughable,1
delighted,1
flagrant,1
fruitful,1
catastrophe,1
august,1
religion,1
explosive,1
vicious,1
worse,1
overturn,1
stupid,1
hypocrisy,1
synod,1
tragic,1
dirty,1
liberty,1
witch,1
increase,1
praised,1
worry,1
base,1
willful,1
suffer,1
courageous,1
bride,1
gross,1
marine,1
skeptical,1
communion,1
egregious,1
extraordinary,1
damn,1
predatory,1
rule,1
disgraceful,1
war,1
holy,1
deserve,1
disgraced,1
pope,1
bizarre,1
purge,1
aggressive,1
association,1
dangerous,1
