discipline,1
praised,1
constant,1
community,1
credibility,1
pray,1
fear,1
homosexuality,1
outrage,1
angry,1
increase,1
attorney,1
nation,1
involvement,1
finally,1
lie,1
faith,1
terrible,1
influential,1
theological,1
assault,1
pressure,1
refuse,1
unprecedented,1
contrary,1
general,1
united,1
infamous,1
liberal,1
journalism,1
hidden,1
dictator,1
enemy,1
guardian,1
advantage,1
suggest,1
supreme,1
war,1
truth,1
king,1
justice,1
destroying,1
presence,1
president,1
synod,1
collusion,1
hell,1
violence,1
celebrated,1
mistake,1
director,1
proven,1
ridiculous,1
violent,1
rape,1
reporter,1
intelligence,1
cold,1
culture,1
propaganda,1
destruction,1
crisis,1
inspector,1
facts,1
serial,1
church,1
invasion,1
communion,1
terror,1
defense,1
status,1
religion,1
operation,1
grave,1
motive,1
dirty,1
holy,1
suffer,1
pope,1
lord,1
trump,1
rule,1
ability,1
senate,1
congress,1
failure,1
leader,1
university,1
foundation,1
congressman,1
john,1
hatred,1
god,1
innocent,1
assassination,1
engaged,1
die,1
county,1
conspiracy,1
devastating,1
widespread,1
principal,1
submit,1
white,1
council,1
prove,1
prime,1
authority,1
witch,1
defending,1
impossible,1
advance,1
worse,1
